<?xml version="1.0" encoding="UTF-8"?>
<project-private xmlns="http://www.netbeans.org/ns/project-private/1">
    <editor-bookmarks xmlns="http://www.netbeans.org/ns/editor-bookmarks/2" lastBookmarkId="0"/>
    <open-files xmlns="http://www.netbeans.org/ns/projectui-open-files/2">
        <group>
            <file>file:/C:/Users/Nadod/Documents/NetBeansProjects/turing%20machine%20java/src/turing/machine/java/TuringMachine.java</file>
            <file>file:/C:/Users/Nadod/Documents/NetBeansProjects/turing%20machine%20java/src/turing/machine/java/TuringMachineJava.java</file>
        </group>
    </open-files>
</project-private>
